{"initial_reset_timestamp": 1580047436.7807353, "timestamps": [1580047439.7470713, 1580047440.3553112, 1580047440.4703994, 1580047440.5144398, 1580047440.5488765, 1580047440.5910168, 1580047440.6346161, 1580047440.6764927, 1580047443.7530596, 1580047443.8623846, 1580047443.9066985, 1580047443.9479945, 1580047443.9950573, 1580047444.0576787, 1580047444.1106474, 1580047444.1562722, 1580047444.2072296, 1580047444.2542074, 1580047444.2781847, 1580047444.309292, 1580047444.3467627, 1580047444.376734, 1580047444.4009874, 1580047444.4232411, 1580047444.4574838, 1580047444.4734566, 1580047444.503326, 1580047447.8671014, 1580047447.9538383, 1580047448.0081105, 1580047448.0492225, 1580047448.0622458, 1580047448.0995245, 1580047448.1317677, 1580047448.1697392, 1580047448.20682, 1580047448.241994, 1580047448.2708316, 1580047448.3079069, 1580047448.3395507, 1580047448.3651006, 1580047448.3997352, 1580047448.427277, 1580047448.448648, 1580047448.4834795, 1580047448.5235386, 1580047448.5265353, 1580047448.5651069, 1580047448.5853841, 1580047448.6224873, 1580047448.648483, 1580047448.6857774, 1580047448.721958, 1580047448.754764, 1580047448.7898908, 1580047448.8155515, 1580047448.8514943, 1580047448.8869565, 1580047448.9223485, 1580047448.95408, 1580047448.9915168, 1580047449.0282404, 1580047449.0620697, 1580047449.1003835, 1580047452.465861, 1580047452.5806348, 1580047452.6202939, 1580047452.6594112, 1580047452.698252, 1580047452.7163637, 1580047452.7420194, 1580047452.7868683, 1580047452.8309522, 1580047452.8700666, 1580047452.884962, 1580047452.9173398, 1580047452.9540815, 1580047452.989465, 1580047453.019229, 1580047453.0553904, 1580047453.0615807, 1580047453.079573, 1580047453.115127, 1580047453.1505716, 1580047453.1784542, 1580047453.21605, 1580047453.242096, 1580047453.2742493, 1580047453.3032215, 1580047453.3384888, 1580047453.374087, 1580047453.4088411, 1580047453.434155, 1580047453.4657657, 1580047453.5047972, 1580047453.5330057, 1580047453.561228, 1580047453.5960345, 1580047453.6302783, 1580047453.6506405], "episode_lengths": [171, 31, 159, 200, 166, 200, 200, 200, 182, 185, 187, 200, 200, 200, 200, 169, 200, 200, 117, 159, 200, 164, 137, 130, 200, 93, 174, 200, 89, 200, 200, 67, 200, 170, 200, 200, 193, 146, 200, 175, 141, 200, 159, 122, 200, 200, 14, 200, 103, 200, 144, 200, 200, 184, 194, 142, 200, 200, 200, 178, 200, 200, 159, 200, 200, 200, 185, 200, 200, 98, 143, 200, 200, 200, 82, 180, 200, 200, 169, 200, 35, 102, 200, 200, 157, 200, 145, 180, 163, 200, 197, 200, 147, 178, 200, 154, 160, 200, 200, 116], "episode_rewards": [171.0, 31.0, 159.0, 200.0, 166.0, 200.0, 200.0, 200.0, 182.0, 185.0, 187.0, 200.0, 200.0, 200.0, 200.0, 169.0, 200.0, 200.0, 117.0, 159.0, 200.0, 164.0, 137.0, 130.0, 200.0, 93.0, 174.0, 200.0, 89.0, 200.0, 200.0, 67.0, 200.0, 170.0, 200.0, 200.0, 193.0, 146.0, 200.0, 175.0, 141.0, 200.0, 159.0, 122.0, 200.0, 200.0, 14.0, 200.0, 103.0, 200.0, 144.0, 200.0, 200.0, 184.0, 194.0, 142.0, 200.0, 200.0, 200.0, 178.0, 200.0, 200.0, 159.0, 200.0, 200.0, 200.0, 185.0, 200.0, 200.0, 98.0, 143.0, 200.0, 200.0, 200.0, 82.0, 180.0, 200.0, 200.0, 169.0, 200.0, 35.0, 102.0, 200.0, 200.0, 157.0, 200.0, 145.0, 180.0, 163.0, 200.0, 197.0, 200.0, 147.0, 178.0, 200.0, 154.0, 160.0, 200.0, 200.0, 116.0], "episode_types": ["t", "t", "t", "t", "t", "t", "t", "t", "t", "t", "t", "t", "t", "t", "t", "t", "t", "t", "t", "t", "t", "t", "t", "t", "t", "t", "t", "t", "t", "t", "t", "t", "t", "t", "t", "t", "t", "t", "t", "t", "t", "t", "t", "t", "t", "t", "t", "t", "t", "t", "t", "t", "t", "t", "t", "t", "t", "t", "t", "t", "t", "t", "t", "t", "t", "t", "t", "t", "t", "t", "t", "t", "t", "t", "t", "t", "t", "t", "t", "t", "t", "t", "t", "t", "t", "t", "t", "t", "t", "t", "t", "t", "t", "t", "t", "t", "t", "t", "t", "t"]}