{"initial_reset_timestamp": 1579370325.024117, "timestamps": [1579370328.5713544, 1579370332.019742, 1579370332.1408577, 1579370332.1980662, 1579370332.2530608, 1579370332.3070564, 1579370332.3578663, 1579370332.4113133, 1579370335.7856798, 1579370335.928127, 1579370335.9877038, 1579370336.0485125, 1579370336.1079216, 1579370336.168571, 1579370336.2294312, 1579370336.2883966, 1579370336.344436, 1579370336.401266, 1579370336.4617136, 1579370336.516091, 1579370336.5764713, 1579370336.6363792, 1579370336.6982212, 1579370336.7583263, 1579370336.818997, 1579370336.884097, 1579370336.9478595, 1579370340.3182075, 1579370340.4439392, 1579370340.5065138, 1579370340.5698085, 1579370340.6355772, 1579370340.7022848, 1579370340.7752957, 1579370340.8414075, 1579370340.9073567, 1579370340.9729145, 1579370341.0387297, 1579370341.1042962, 1579370341.1695607, 1579370341.2351866, 1579370341.3005629, 1579370341.367113, 1579370341.4323738, 1579370341.4979937, 1579370341.5631092, 1579370341.63858, 1579370341.714129, 1579370341.7797627, 1579370341.8450105, 1579370341.9092262, 1579370341.9672203, 1579370342.0208597, 1579370342.0749223, 1579370342.1273246, 1579370342.1810412, 1579370342.2324, 1579370342.2861836, 1579370342.340464, 1579370342.3934388, 1579370342.4464643, 1579370342.4994473, 1579370342.5528314, 1579370342.6062417, 1579370345.9815845, 1579370346.1225457, 1579370346.1837895, 1579370346.24208, 1579370346.302686, 1579370346.3628201, 1579370346.4175584, 1579370346.4709232, 1579370346.524404, 1579370346.5789874, 1579370346.6380906, 1579370346.7008312, 1579370346.7601354, 1579370346.8193178, 1579370346.8747654, 1579370346.9326596, 1579370346.9901295, 1579370347.0511742, 1579370347.112535, 1579370347.1748993, 1579370347.2320771, 1579370347.2927601, 1579370347.3505793, 1579370347.406338, 1579370347.4691994, 1579370347.5900903, 1579370347.7139869, 1579370347.791515, 1579370347.853462, 1579370347.9137707, 1579370347.9752028, 1579370348.0378776, 1579370348.097446, 1579370348.1553006, 1579370348.2263374, 1579370348.2869906], "episode_lengths": [200, 200, 200, 200, 200, 200, 200, 200, 200, 200, 200, 200, 200, 200, 200, 200, 200, 200, 200, 200, 200, 200, 200, 200, 200, 200, 200, 200, 200, 200, 200, 200, 200, 200, 200, 200, 200, 200, 200, 200, 200, 200, 200, 200, 200, 200, 200, 200, 200, 200, 200, 200, 200, 200, 200, 200, 200, 200, 200, 200, 200, 200, 200, 200, 200, 200, 200, 200, 200, 200, 200, 200, 200, 200, 200, 200, 200, 200, 200, 200, 200, 200, 200, 200, 200, 200, 200, 200, 200, 200, 200, 200, 200, 200, 200, 200, 200, 200, 200, 200], "episode_rewards": [200.0, 200.0, 200.0, 200.0, 200.0, 200.0, 200.0, 200.0, 200.0, 200.0, 200.0, 200.0, 200.0, 200.0, 200.0, 200.0, 200.0, 200.0, 200.0, 200.0, 200.0, 200.0, 200.0, 200.0, 200.0, 200.0, 200.0, 200.0, 200.0, 200.0, 200.0, 200.0, 200.0, 200.0, 200.0, 200.0, 200.0, 200.0, 200.0, 200.0, 200.0, 200.0, 200.0, 200.0, 200.0, 200.0, 200.0, 200.0, 200.0, 200.0, 200.0, 200.0, 200.0, 200.0, 200.0, 200.0, 200.0, 200.0, 200.0, 200.0, 200.0, 200.0, 200.0, 200.0, 200.0, 200.0, 200.0, 200.0, 200.0, 200.0, 200.0, 200.0, 200.0, 200.0, 200.0, 200.0, 200.0, 200.0, 200.0, 200.0, 200.0, 200.0, 200.0, 200.0, 200.0, 200.0, 200.0, 200.0, 200.0, 200.0, 200.0, 200.0, 200.0, 200.0, 200.0, 200.0, 200.0, 200.0, 200.0, 200.0], "episode_types": ["t", "t", "t", "t", "t", "t", "t", "t", "t", "t", "t", "t", "t", "t", "t", "t", "t", "t", "t", "t", "t", "t", "t", "t", "t", "t", "t", "t", "t", "t", "t", "t", "t", "t", "t", "t", "t", "t", "t", "t", "t", "t", "t", "t", "t", "t", "t", "t", "t", "t", "t", "t", "t", "t", "t", "t", "t", "t", "t", "t", "t", "t", "t", "t", "t", "t", "t", "t", "t", "t", "t", "t", "t", "t", "t", "t", "t", "t", "t", "t", "t", "t", "t", "t", "t", "t", "t", "t", "t", "t", "t", "t", "t", "t", "t", "t", "t", "t", "t", "t"]}