{"initial_reset_timestamp": 1580041817.809529, "timestamps": [1580041842.6587222, 1580041869.8637207, 1580041885.0893488, 1580041904.9386797, 1580041922.8696768, 1580041939.4088855, 1580041951.7610075, 1580041972.344793, 1580041991.848557, 1580042009.831777, 1580042038.1880178, 1580042058.9678714, 1580042079.6390445, 1580042098.2963011, 1580042109.6194592, 1580042132.7967165, 1580042154.08337, 1580042169.3014925, 1580042189.3415234, 1580042208.1688204], "episode_lengths": [3431, 4057, 2947, 4125, 4073, 3544, 2788, 4263, 2831, 3429, 5835, 4298, 3796, 3476, 2566, 4264, 3613, 3420, 3748, 4102], "episode_rewards": [316.0, 308.0, 198.0, 340.0, 340.0, 260.0, 202.0, 368.0, 238.0, 232.0, 510.0, 372.0, 266.0, 256.0, 174.0, 368.0, 326.0, 222.0, 294.0, 302.0], "episode_types": ["t", "t", "t", "t", "t", "t", "t", "t", "t", "t", "t", "t", "t", "t", "t", "t", "t", "t", "t", "t"]}